5	125
56	42
64	83
9	125
9	625
17	84
8	83
5	125
17	83
25	667
18	41
8	83
2	83
13	83
8	83
2	83
29	83
8	84
2	84
8	84
7	83
8	84
5	84
8	42
5	83
25	83
18	83
13	83
29	42
32	83
32	83
512	1708
48	42
12	83
9	41
9	83
128	83
32	84
8	84
16	42
12	84
13	42
8	83
3	83
12	41
8	42
3	41
8	41
4	83
8	41
4	84
8	41
4	83
12	84
192	250
13	83
1	42
12	42
13	0
64	42
10	42
11	42
8	42
3	41
6	41
8	42
3	42
12	41
8	41
2	42
20	41
8	42
2	41
8	84
4	84
8	42
6	41
8	42
4	41
8	42
5	83
8	0
16	41
32	42
64	41
36	41
8	42
4	42
8	42
4	0
8	42
4	83
18	41
8	42
4	42
8	42
16	42
8	42
16	84
8	41
16	42
32	41
31	42
8	42
4	42
8	42
4	84
8	83
16	42
32	0
19	83
8	42
16	42
8	42
16	42
32	42
64	42
50	42
8	41
16	42
32	42
18	41
8	42
5	42
8	42
5	42
8	41
5	41
8	42
5	0
8	42
5	41
8	41
5	41
8	41
5	83
8	42
5	41
8	41
5	83
8	42
5	84
8	0
5	41
8	42
5	42
8	42
5	42
8	41
5	83
8	41
5	41
8	83
5	42
8	42
5	42
8	42
5	83
8	41
5	42
8	42
5	0
8	42
5	42
8	42
5	42
8	42
5	42
8	42
5	41
8	42
5	42
8	41
5	41
10	41
8	41
8	83
11	42
88	83
6	42
12	42
20	42
23	125
23	42
6	83
6	84
6	42
11	42
11	0
64	41
288	208
6	83
6	42
13	42
20	0
20	83
20	42
7	41
8	84
2	41
19	42
8	42
2	42
18	42
8	41
3	41
22	41
8	42
2	41
8	42
4	42
8	42
6	41
8	42
5	41
8	42
5	41
8	0
5	42
8	42
5	41
8	41
5	42
8	42
5	41
8	0
5	42
8	41
5	42
8	42
5	42
8	42
5	42
8	41
5	41
8	41
5	41
8	42
5	42
8	42
5	42
8	41
5	42
8	41
5	42
8	42
6	41
8	42
5	42
8	42
5	42
8	41
5	42
8	42
5	42
8	42
5	41
8	42
5	42
8	42
5	42
20	42
7	41
19	41
18	42
22	41
7	41
22	42
7	0
7	83
13	42
64	125
32	41
22	42
16	83
15	41
25	0
13	41
20	42
25	41
21	41
13	41
17	42
18	0
18	125
19	83
23	84
30	42
18	42
19	42
20	42
22	42
19	41
14	42
15	42
14	83
18	42
15	84
24	42
18	42
19	42
20	42
13	83
16	42
24	41
25	41
17	41
12	41
20	125
21	41
13	42
18	41
23	41
13	84
16	83
19	84
16	42
25	83
30	42
13	84
8	42
18	41
21	41
16	42
16	41
16	84
17	41
13	42
13	42
14	41
23	41
26	83
26	84
26	42
26	42
27	41
15	84
16	41
19	84
19	41
22	42
17	83
14	83
17	42
12	83
13	42
12	42
13	42
12	42
13	42
16	83
23	42
23	84
23	42
26	0
26	42
26	42
30	42
30	83
30	41
20	42
19	42
22	84
22	41
25	41
17	83
17	42
20	42
20	0
20	41
24	42
24	83
24	42
16	84
21	83
16	83
25	41
16	84
22	42
17	41
15	42
23	42
17	41
27	42
21	42
11	42
23	41
26	42
26	42
22	83
25	42
25	41
21	84
24	83
24	42
16	83
21	41
16	83
25	42
16	42
22	41
17	42
15	42
13	42
17	42
27	42
21	42
12	42
12	83
13	42
19	41
20	42
14	42
15	42
10	83
27	41
27	83
11	84
18	42
26	83
13	42
21	41
22	0
34	42
37	42
13	42
14	41
15	42
25	0
23	41
24	42
36	42
39	0
34	41
46	41
49	42
20	83
30	42
24	41
33	42
36	41
30	42
39	0
9	42
26	83
26	41
10	42
23	42
11	42
18	41
23	41
12	42
9	42
8	42
25	42
30	41
24	42
26	42
21	42
23	42
23	250
23	83
26	41
12	84
13	42
18	41
22	41
13	41
19	42
14	42
14	42
24	42
18	42
17	41
24	42
33	41
18	41
26	42
33	42
31	41
19	42
28	42
26	42
23	42
22	42
21	42
20	42
16	84
14	42
25	41
23	42
20	42
19	41
24	41
28	42
31	41
21	83
24	84
24	83
15	83
13	42
11	0
14	41
12	42
19	42
22	42
38	42
28	42
25	42
28	41
28	42
18	42
16	42
16	42
14	41
24	42
22	84
19	42
30	42
28	41
25	83
24	42
43	41
33	42
34	42
17	42
20	41
20	41
23	42
14	42
19	0
20	42
24	41
28	41
23	42
26	41
29	83
34	41
25	83
23	42
20	42
15	42
27	42
25	42
28	42
26	41
20	42
21	42
19	42
22	42
20	42
13	41
29	41
25	42
26	125
24	42
24	42
19	42
27	41
18	41
14	83
12	42
13	42
21	42
31	41
12	42
14	42
25	0
25	0
21	42
22	42
20	42
20	42
18	41
29	42
29	42
25	41
26	42
24	41
24	83
21	41
30	42
28	42
26	42
25	42
23	42
20	42
21	42
26	42
15	41
15	42
15	42
16	41
28	0
26	42
19	41
21	41
22	42
21	0
26	0
20	41
20	42
20	41
17	41
25	41
24	41
16	42
12	83
12	42
12	41
13	41
17	42
18	42
18	41
21	42
22	83
15	41
16	42
16	83
19	42
19	41
16	41
19	42
19	42
17	42
20	42
7	41
23	41
26	41
24	42
33	41
36	42
27	83
21	42
24	42
11	42
12	42
13	41
16	42
12	42
20	41
10	42
17	0
12	41
11	41
9	42
12	42
22	42
16	42
12	42
14	42
10	42
12	42
17	41
17	0
22	41
16	41
19	42
24	41
19	83
18	41
26	42
29	42
29	42
20	41
30	42
28	83
31	42
31	42
20	42
21	42
20	41
21	42
20	41
21	83
20	41
21	84
18	41
21	42
24	42
21	41
24	42
29	42
30	42
29	42
29	41
31	125
26	41
31	84
27	84
38	42
13	42
14	84
14	42
17	42
17	83
20	42
19	41
18	41
25	42
14	41
14	42
18	42
19	0
18	125
19	42
12	41
14	42
16	41
16	41
19	42
24	84
16	42
20	83
19	42
20	42
19	42
20	42
19	42
20	42
20	0
21	41
19	42
20	0
19	42
20	41
19	42
20	42
20	41
21	42
19	42
20	0
19	41
20	41
19	0
20	41
20	42
21	42
19	41
20	42
19	42
20	42
19	41
20	41
20	41
21	42
26	42
26	42
28	41
28	42
28	41
28	41
26	41
26	41
28	42
28	42
28	42
28	42
26	42
26	42
28	42
28	42
28	42
28	41
18	42
17	42
20	42
15	42
13	42
13	42
14	41
17	41
17	83
17	42
24	42
22	42
33	42
26	42
17	42
14	41
22	42
23	41
20	42
21	42
20	42
21	42
10	42
16	42
17	42
18	42
21	41
22	42
15	83
15	41
28	0
14	83
22	41
14	41
22	42
12	42
20	42
12	42
17	42
20	41
20	41
15	42
16	41
15	42
16	42
15	42
16	42
15	84
16	83
13	83
13	42
24	125
13	41
24	42
18	42
19	42
16	42
17	42
16	84
17	42
15	42
15	42
26	0
15	42
26	42
29	41
16	42
16	42
16	83
17	41
16	42
21	42
22	42
23	42
20	41
21	42
20	125
21	84
19	42
19	41
30	41
19	42
30	41
20	41
20	83
20	83
14	83
17	41
17	84
30	42
31	42
28	41
12	41
13	41
12	83
13	41
12	41
13	42
13	42
14	42
12	42
13	42
12	125
13	0
12	41
13	42
13	83
14	42
12	83
13	42
12	83
13	42
12	41
13	83
13	41
14	42
12	42
13	41
12	42
13	41
12	41
13	41
13	42
14	42
22	42
19	42
19	125
21	0
21	0
21	41
21	41
19	42
19	42
21	42
21	83
21	41
21	41
19	0
19	41
21	42
21	42
21	42
21	84
24	42
14	41
19	42
13	41
19	42
18	42
26	42
27	292
26	41
27	84
27	83
28	42
27	42
26	42
27	41
17	42
18	41
17	42
18	0
17	42
18	41
17	41
18	42
17	42
18	42
17	41
18	41
17	42
18	0
17	42
18	42
17	42
18	42
19	0
19	0
19	0
19	42
20	42
20	42
20	0
18	42
17	42
18	41
17	0
18	42
18	42
17	41
18	41
19	41
19	42
19	41
22	41
22	41
21	41
18	42
19	42
19	42
20	0
18	42
19	41
19	42
20	41
18	42
19	42
19	166
20	0
19	42
18	42
19	42
19	42
20	42
19	0
20	41
20	41
22	41
23	84
18	41
19	42
18	42
19	42
18	42
19	41
18	0
19	41
22	42
23	42
19	41
20	42
19	42
20	0
19	42
20	42
19	42
20	0
22	42
23	42
13	42
14	83
13	41
14	41
13	83
14	42
11	83
17	0
19	42
20	42
11	42
22	83
16	42
15	41
25	0
13	42
20	41
25	42
21	41
13	41
17	0
18	42
18	42
19	42
23	42
30	42
18	42
19	42
20	42
22	83
19	41
14	0
15	41
14	42
18	42
15	42
24	42
18	42
19	0
20	41
13	42
16	42
24	42
25	42
28	42
17	42
20	0
12	42
20	41
21	42
24	42
13	42
16	42
18	42
23	41
13	42
16	42
19	41
16	83
25	42
30	42
13	125
8	41
18	42
21	84
16	83
16	42
16	41
17	42
13	41
13	41
14	41
23	0
26	42
26	42
26	42
26	41
27	42
15	0
16	41
19	42
19	42
22	41
17	42
14	42
17	41
12	42
13	42
12	41
13	83
12	42
13	83
16	42
23	84
23	0
23	41
26	42
26	42
26	42
30	0
30	84
30	41
20	84
19	42
22	83
22	0
25	41
17	42
17	0
20	0
20	42
20	42
24	42
24	42
24	84
16	83
21	125
16	42
25	41
16	41
22	83
17	42
15	42
23	41
17	42
27	42
21	42
11	42
23	42
26	42
26	42
22	84
25	42
25	42
21	42
24	41
24	42
16	83
21	42
16	83
25	42
16	41
22	42
17	42
15	41
13	42
17	42
27	42
21	42
12	42
12	42
13	42
19	41
20	42
14	83
15	42
10	42
27	42
27	41
11	83
18	0
26	42
13	83
21	41
22	42
34	0
37	42
13	41
14	41
15	42
25	0
23	42
24	42
36	42
39	42
34	42
46	42
49	42
20	83
30	0
24	41
33	42
36	41
30	42
39	41
9	41
26	83
26	42
10	42
23	41
11	41
18	42
23	42
12	42
9	42
8	41
25	41
30	41
24	42
26	41
21	42
23	42
23	42
23	42
26	42
12	42
13	42
18	42
22	42
13	42
19	0
14	41
14	42
24	42
18	42
17	42
24	41
33	42
18	83
26	83
33	42
31	42
19	42
28	41
26	41
23	42
22	42
21	42
20	42
16	0
14	42
25	42
23	42
20	42
19	42
24	42
28	0
31	41
21	41
24	42
24	41
15	42
13	42
11	42
14	41
12	42
19	41
22	42
38	42
28	41
25	42
28	41
28	42
18	41
16	41
16	42
14	42
24	42
22	84
19	42
30	41
28	42
25	41
24	41
43	42
33	42
34	42
17	42
20	41
20	41
23	42
14	83
19	0
20	42
24	42
28	42
23	42
26	41
29	42
34	42
25	42
23	41
20	42
15	42
27	42
25	42
28	41
26	83
20	84
21	42
19	41
22	42
20	42
13	42
29	42
25	42
26	42
24	41
24	41
19	41
27	42
18	0
14	41
12	42
13	42
21	42
31	42
12	42
14	42
25	41
25	42
21	42
22	41
20	42
20	0
18	0
29	41
29	42
25	42
26	42
24	41
24	42
21	42
30	42
28	42
26	42
25	41
23	42
20	41
21	42
26	42
15	42
15	41
15	42
16	42
28	41
26	41
19	41
21	42
22	41
21	42
26	41
20	0
20	42
20	42
17	41
25	42
24	42
16	41
12	42
12	42
12	42
13	42
17	84
18	42
18	41
21	42
22	42
15	42
16	83
16	84
19	42
19	42
16	42
19	41
19	41
17	42
20	83
7	42
23	42
26	83
24	84
33	42
36	41
27	42
21	41
24	84
11	42
12	41
13	42
16	84
12	42
20	42
10	42
17	0
12	42
11	42
9	0
12	41
22	42
16	42
12	42
14	42
10	42
12	42
17	41
17	42
22	84
16	41
19	42
24	42
19	42
18	42
26	42
29	42
29	42
31	42
34	42
20	42
30	41
28	0
31	42
31	41
33	41
36	42
20	41
21	83
20	42
21	83
20	41
21	42
20	84
21	41
18	42
21	83
24	42
21	42
24	41
29	41
30	42
29	42
29	42
31	42
26	41
31	84
27	84
38	41
13	42
14	41
14	42
17	41
17	42
20	42
19	42
18	42
25	42
14	41
14	41
18	41
19	42
18	41
19	41
12	41
14	42
16	41
21	42
24	42
16	83
19	42
24	42
16	41
20	41
19	42
20	41
19	42
20	41
19	42
20	42
20	41
21	42
19	41
20	0
19	0
20	41
19	42
20	41
20	41
21	0
19	42
20	42
19	42
20	0
19	0
20	42
20	42
21	42
19	42
20	42
19	42
20	42
19	41
20	42
20	42
21	0
26	42
26	42
28	42
28	42
28	42
28	0
26	42
26	42
28	42
28	41
28	42
28	41
26	41
26	42
28	42
28	41
28	42
28	42
18	41
17	41
20	0
15	42
13	42
13	41
14	42
17	83
17	41
17	42
24	42
22	42
33	41
26	42
17	42
14	42
22	42
23	42
20	42
21	42
20	41
21	41
10	42
16	42
17	41
18	42
21	41
22	42
15	41
15	42
28	42
19	42
22	41
14	42
22	42
14	42
22	42
12	42
20	0
12	0
17	42
20	41
20	42
15	42
16	41
15	42
16	41
15	41
16	42
15	42
16	42
13	41
13	83
24	83
13	41
24	42
18	0
19	41
16	41
17	42
16	42
17	42
15	42
15	42
26	42
15	125
26	41
29	41
16	42
16	42
16	42
17	42
16	41
21	42
22	42
23	42
20	83
21	41
20	42
21	42
19	84
19	41
30	41
19	42
30	42
20	42
20	42
20	42
14	42
17	41
17	42
30	42
31	42
28	41
12	41
13	42
12	42
13	41
12	42
13	125
13	83
14	42
12	41
13	41
12	292
13	42
12	42
13	42
13	125
14	42
12	0
13	42
12	250
13	42
12	42
13	83
13	41
14	41
12	41
13	42
12	125
13	42
12	41
13	41
13	0
14	0
22	42
19	41
19	125
21	41
21	42
21	42
21	125
19	42
19	42
21	42
21	125
21	0
21	42
19	41
19	125
21	42
21	0
21	42
21	42
24	41
14	42
19	42
13	41
19	41
18	42
26	42
27	125
26	41
27	41
27	42
28	41
27	42
26	83
27	42
17	42
18	41
17	0
18	125
17	42
18	42
17	42
18	42
17	125
18	41
17	42
18	41
17	125
18	41
17	0
18	42
17	125
18	42
19	41
19	42
19	41
19	0
20	42
20	42
20	125
18	41
17	0
18	41
17	291
18	41
18	42
17	42
18	125
19	41
19	42
19	42
22	41
22	42
21	0
18	42
19	125
19	42
20	0
18	0
19	83
19	0
20	0
18	41
19	83
19	42
20	42
19	41
18	250
19	41
19	41
20	42
19	125
20	42
20	0
22	41
23	125
18	42
19	42
18	42
19	41
18	41
19	42
18	0
19	42
22	0
23	42
19	42
20	42
19	42
20	0
19	42
20	42
19	42
20	41
22	0
23	0
13	42
14	41
13	42
14	42
13	41
14	42
11	42
17	42
19	42
20	42
11	42
1096	250
11600	125
1120	83
40	84
32	42
40	41
24	42
32	42
24	42
32	42
200	41
200	41
24	42
32	42
24	41
32	42
14	42
14	42
14	0
14	0
365	41
6	42
5	0
128	42
3	42
1	0
200	42
32	41
304	208
32	41
304	83
304	42
304	83
304	83
64	42
304	42
304	84
304	42
304	83
128	42
304	42
304	83
304	83
304	42
304	83
304	42
304	42
304	83
256	41
304	41
304	83
304	42
304	42
304	84
304	41
304	83
304	42
304	41
304	42
304	42
304	83
304	84
200	41
200	41
24	42
24	42
32	42
14	41
14	41
14	42
14	42
365	83
8	41
8	42
8	42
10	42
9	41
9	41
128	84
128	42
5	42
192	84
4	41
2	42
128	42
3	42
11	0
200	667
304	166
304	83
304	83
512	83
304	42
304	84
304	83
304	83
304	42
304	42
304	83
304	42
304	84
304	83
304	42
304	83
304	83
304	83
304	42
304	83
304	42
304	83
304	83
304	42
304	83
304	42
304	84
304	83
304	83
304	42
304	83
200	42
200	42
24	41
64	42
24	41
32	42
14	41
14	41
14	42
14	42
365	41
4	42
4	42
4	42
10	41
9	42
9	42
128	83
128	0
6	42
2	41
128	42
5	41
3	42
11	42
200	42
304	167
304	84
304	83
304	41
304	83
1024	125
304	84
304	83
304	41
304	41
304	42
304	41
304	83
304	42
304	42
304	41
304	83
304	42
304	0
304	41
304	41
304	84
304	84
304	42
304	42
304	84
304	42
304	41
304	83
304	84
304	42
88	41
32	42
88	41
88	42
352	125
80	83
32	42
80	42
80	42
80	41
80	41
64	167
80	42
80	42
80	42
80	42
128	83
80	41
80	41
80	42
80	41
80	42
80	42
80	42
80	41
256	83
80	41
80	0
80	0
80	0
80	41
80	41
80	42
80	41
80	42
80	42
80	1083
80	42
80	42
80	42
80	166
80	0
512	125
80	0
80	0
80	42
80	41
80	1833
80	42
80	41
80	42
80	42
80	42
80	42
80	42
80	41
80	42
80	42
80	42
80	42
80	42
80	41
80	0
80	0
80	42
80	42
80	41
80	42
80	0
80	0
80	42
80	42
80	42
80	0
80	0
1024	125
80	42
80	0
80	0
80	0
80	41
80	0
80	41
80	41
80	41
80	41
80	42
80	0
80	42
80	0
80	0
80	42
80	42
80	0
80	0
80	41
80	84
80	41
80	42
80	42
80	0
80	42
80	41
80	41
80	42
80	0
80	42
80	41
80	0
80	0
80	41
80	0
80	42
80	42
80	0
80	42
80	41
80	0
80	42
80	42
80	41
80	42
80	42
80	41
80	0
80	41
80	0
80	41
80	42
80	0
80	0
80	42
80	41
80	42
80	0
80	41
80	41
80	42
80	41
80	42
2048	167
80	0
80	41
80	42
80	41
80	42
80	42
80	41
80	42
80	42
80	42
80	41
80	42
80	42
80	42
80	42
80	42
80	41
80	42
80	42
80	42
80	42
80	42
80	41
80	0
80	41
80	41
80	42
80	41
80	0
80	42
80	42
80	42
80	42
80	42
80	42
80	42
80	42
80	42
80	42
80	42
80	42
80	0
80	0
80	41
80	41
80	42
80	42
80	42
80	41
80	42
80	42
80	41
80	42
80	42
80	0
80	0
80	42
80	42
80	42
80	42
80	41
80	41
80	0
80	41
80	42
80	0
80	0
80	0
80	41
80	42
80	42
80	41
80	0
80	0
80	41
80	41
80	42
80	42
80	0
80	0
80	41
80	42
80	42
80	42
80	0
80	0
80	42
80	42
80	0
80	41
80	0
80	42
80	41
80	41
80	0
80	41
80	0
80	41
80	42
80	41
80	42
80	0
80	42
80	42
80	41
80	42
80	42
80	42
80	0
80	42
80	42
80	42
80	4375
80	41
80	42
80	41
80	41
80	0
80	41
80	0
80	0
80	0
80	41
80	41
80	0
80	42
80	42
80	42
4096	84
80	42
80	41
80	41
80	42
80	41
80	41
80	41
80	41
80	42
80	42
80	41
80	42
80	42
80	42
80	0
80	0
80	0
80	0
80	41
80	42
80	42
80	41
80	42
80	41
80	42
80	42
80	42
80	42
80	41
80	42
80	42
80	41
80	41
80	41
80	41
80	42
80	0
80	0
80	41
80	42
80	42
80	42
80	42
80	41
80	42
80	41
80	0
80	42
80	42
80	42
80	0
80	0
80	0
80	42
80	0
80	42
80	42
80	42
80	42
80	42
80	0
80	0
80	0
80	0
80	41
80	42
80	42
80	42
80	0
80	42
80	42
80	42
80	42
80	42
80	41
80	42
80	41
80	41
80	41
80	42
80	41
80	41
80	0
80	0
80	42
80	41
80	42
80	41
80	0
80	42
80	41
80	0
80	41
80	41
80	41
80	41
80	42
80	42
80	42
80	42
80	42
80	42
80	41
80	41
80	0
80	42
80	41
80	0
80	41
80	42
80	42
80	41
80	42
80	41
80	41
80	0
80	41
80	41
80	41
80	0
80	42
80	0
80	41
80	42
80	0
80	42
80	41
80	0
80	42
80	0
80	42
80	41
80	0
80	42
80	42
80	0
80	41
80	41
80	41
80	0
80	42
80	0
80	41
80	42
80	42
80	41
80	41
80	42
80	42
80	0
80	41
80	0
80	41
80	41
80	42
80	41
80	41
80	42
80	41
80	41
80	83
80	0
80	41
80	0
80	42
80	42
80	42
80	42
80	41
80	0
80	42
80	42
80	0
80	0
80	42
80	42
80	42
80	0
80	42
80	41
80	41
80	42
80	0
80	41
80	42
80	41
80	41
80	0
80	4250
80	41
80	41
80	42
80	42
80	42
80	42
80	0
80	0
80	0
80	42
80	41
80	0
80	0
80	0
80	41
80	41
80	41
80	41
80	41
80	0
80	41
80	42
80	0
80	41
80	0
80	0
80	42
80	42
80	41
80	41
80	42
80	42
80	42
80	42
80	42
80	0
80	0
80	0
80	41
80	42
80	41
80	0
80	42
80	0
80	0
80	42
80	42
80	42
80	0
80	41
80	42
80	42
80	42
80	42
80	41
80	41
80	42
80	41
80	42
80	41
80	41
80	42
80	41
80	0
80	41
80	42
80	0
8192	125
80	42
80	0
80	0
80	41
80	41
80	0
80	42
80	41
80	0
80	42
80	41
80	0
80	42
80	41
80	41
80	42
80	42
80	42
80	41
80	0
80	42
80	0
80	42
80	0
80	42
80	0
80	42
80	42
80	0
80	42
80	0
80	42
80	41
80	41
80	42
80	42
80	42
80	42
80	42
80	42
80	41
80	42
80	41
80	42
80	0
80	42
80	42
80	42
80	42
80	42
80	42
80	41
80	42
80	42
80	42
80	0
80	0
80	0
80	41
80	42
80	42
80	42
80	42
80	0
80	42
80	0
80	42
80	42
80	0
80	41
80	42
80	0
80	0
80	0
80	0
80	42
80	42
80	42
80	42
80	41
80	41
80	42
80	0
80	41
80	42
80	0
80	0
80	42
80	42
80	42
80	0
80	42
80	0
80	42
80	0
80	42
80	0
80	42
80	42
80	0
80	41
80	42
80	42
80	42
80	41
80	42
80	42
80	42
80	41
80	41
80	42
80	0
80	41
80	0
80	42
80	42
80	41
80	41
80	42
80	42
80	42
80	0
80	42
80	0
80	41
80	0
80	42
80	42
80	42
80	0
80	42
80	42
80	0
80	42
80	42
80	42
80	3916
80	41
80	42
80	42
80	42
80	42
80	41
80	41
80	0
80	42
80	42
80	41
80	42
80	41
80	42
80	41
80	41
80	42
80	42
80	42
80	42
80	42
80	42
80	42
80	41
80	41
80	0
80	42
80	41
80	0
80	42
80	42
80	42
80	42
80	41
80	42
80	42
80	0
80	42
80	42
80	42
80	42
80	42
80	42
80	42
80	42
80	0
80	41
80	0
80	42
80	42
80	41
80	42
80	42
80	42
80	0
80	125
80	41
80	42
80	42
80	0
80	42
80	41
80	42
80	42
80	42
80	42
80	42
80	0
80	42
80	42
80	42
80	42
80	42
80	0
80	42
80	41
80	41
80	41
80	41
80	42
80	0
80	42
80	42
80	41
80	42
80	0
80	41
80	0
80	0
80	41
80	0
80	0
80	41
80	41
80	0
80	0
80	42
80	41
80	42
80	42
80	42
80	41
80	42
80	42
80	42
80	0
80	41
80	0
80	41
80	0
80	42
80	41
80	42
80	42
80	42
80	41
80	41
80	42
80	42
80	42
80	41
80	42
80	42
80	0
80	41
80	41
80	0
80	42
80	41
80	42
80	42
80	41
80	41
80	41
80	41
80	42
80	41
80	41
80	41
80	0
80	42
80	42
80	42
80	42
80	0
80	42
80	42
80	0
80	41
80	41
80	0
80	42
80	41
80	41
80	41
80	41
80	42
80	41
80	42
80	42
80	41
80	42
80	42
80	0
80	41
80	42
80	41
80	0
80	0
80	41
80	42
80	42
80	42
80	0
80	41
80	42
80	41
80	41
80	41
80	42
80	42
80	41
80	0
80	42
80	42
80	42
80	42
80	42
80	42
80	41
80	0
80	0
80	42
80	41
80	42
80	42
80	42
80	41
80	0
80	0
80	42
80	42
80	42
80	1750
80	41
80	41
80	42
80	42
80	42
80	42
80	0
80	0
80	0
80	42
80	0
80	41
80	41
80	42
80	41
80	0
80	41
80	41
80	0
80	42
80	42
80	42
80	42
80	42
80	42
80	42
80	0
80	0
80	42
80	41
80	0
80	42
80	0
80	0
80	41
80	41
80	42
80	41
80	41
80	41
80	0
80	41
80	41
80	0
80	0
80	0
80	42
80	41
80	41
80	42
80	42
80	0
80	42
80	0
80	41
80	42
80	0
80	42
80	0
80	42
80	0
80	42
80	0
80	41
80	42
80	42
80	42
80	41
80	41
80	42
80	41
80	0
80	41
80	42
80	41
80	42
80	0
80	0
80	0
80	41
80	0
80	42
80	42
80	0
80	42
80	41
80	42
80	0
80	0
80	42
80	0
80	0
80	0
80	0
80	42
80	42
80	42
80	41
80	42
80	42
80	42
80	41
80	42
80	41
80	42
80	41
80	41
80	42
80	42
80	0
80	0
80	42
80	42
80	42
80	0
80	41
80	42
80	42
80	42
80	42
80	41
80	42
80	42
80	42
80	42
80	0
80	42
80	0
80	42
80	42
80	41
80	42
80	42
80	0
80	41
80	0
80	0
80	42
80	41
80	41
80	0
80	0
80	42
80	42
80	42
80	42
80	0
80	42
80	41
80	41
80	42
80	0
80	42
80	42
80	42
80	42
80	41
80	42
80	0
80	41
80	42
80	41
80	41
80	0
80	0
80	41
80	42
80	0
80	0
80	42
80	42
16384	167
80	41
80	42
80	42
80	0
80	41
80	42
80	0
80	41
80	42
80	42
80	42
80	41
80	42
80	42
80	41
80	42
80	41
80	41
80	41
80	42
80	42
80	41
80	42
80	0
80	41
80	42
80	41
80	0
80	0
80	0
80	42
80	42
80	1417
80	0
80	42
80	0
80	42
80	42
80	0
80	41
80	42
80	42
80	42
80	41
80	41
80	42
80	41
80	42
80	0
80	42
80	41
80	42
80	0
80	0
80	0
80	0
80	41
80	42
80	0
80	42
80	41
80	41
80	0
80	42
80	41
80	41
80	42
80	42
80	41
80	41
80	0
80	0
80	42
80	42
80	42
80	41
80	0
80	41
80	42
80	41
80	0
80	0
80	41
80	42
80	42
80	42
80	42
80	42
80	42
80	42
80	0
80	42
80	42
80	42
80	0
80	42
80	0
80	41
80	42
80	42
80	42
80	0
80	42
80	42
80	42
80	41
80	42
80	0
80	41
80	41
80	42
80	0
80	0
80	42
80	41
80	42
80	42
80	42
80	42
80	0
80	42
80	41
80	41
80	42
80	41
80	41
80	41
80	41
80	42
80	41
80	41
80	42
80	41
80	0
80	42
80	0
80	41
80	41
80	42
80	42
80	41
80	0
80	41
80	42
80	42
80	41
80	42
80	41
80	0
80	0
80	42
80	41
80	0
80	42
80	0
80	42
80	42
80	41
80	41
80	42
80	42
80	0
80	42
80	0
80	41
80	42
80	41
80	0
80	42
80	0
80	41
80	41
80	42
80	41
80	0
80	0
80	41
80	42
80	41
80	41
80	42
80	41
80	42
80	0
80	42
80	41
80	42
80	42
80	41
80	0
80	42
80	42
80	41
80	0
80	41
80	41
80	0
80	41
80	0
80	41
80	42
80	0
80	42
80	41
80	0
80	41
80	42
80	41
80	41
80	42
80	42
80	42
80	42
80	41
80	42
80	0
80	42
80	42
80	42
80	41
80	42
80	42
80	42
80	42
80	0
80	41
80	42
80	0
80	41
80	0
80	41
80	41
80	41
80	0
80	41
80	0
80	4041
80	42
80	0
80	41
80	41
80	41
80	42
80	41
80	41
80	0
80	41
80	42
80	42
80	41
80	42
80	42
80	42
80	42
80	42
80	42
80	42
80	0
80	42
80	0
80	42
80	42
80	42
80	42
80	41
80	41
80	42
80	41
80	0
80	42
80	0
80	41
80	41
80	42
80	42
80	42
80	41
80	41
80	0
80	0
80	0
80	42
80	41
80	42
80	42
80	42
80	41
80	0
80	42
80	41
80	42
80	42
80	0
80	42
80	42
80	42
80	42
80	42
80	42
80	42
80	41
80	42
80	42
80	42
80	42
80	42
80	41
80	41
80	41
80	41
80	0
80	41
80	41
80	42
80	42
80	42
80	42
80	0
80	42
80	41
80	42
80	42
80	41
80	41
80	42
80	0
80	0
80	41
80	41
80	41
80	41
80	42
80	42
80	42
80	0
80	42
80	42
80	0
80	41
80	42
80	41
80	0
80	42
80	41
80	42
80	42
80	41
80	42
80	41
80	41
80	41
80	42
80	41
80	42
80	42
80	42
80	41
80	41
80	0
80	42
80	41
80	0
80	42
80	0
80	42
80	42
80	0
80	42
80	42
80	0
80	42
80	42
80	41
80	42
80	42
80	42
80	41
80	42
80	0
80	41
80	0
80	42
80	42
80	42
80	0
80	0
80	42
80	0
80	42
80	42
80	0
80	42
80	0
80	42
80	42
80	0
80	41
80	42
80	42
80	42
80	41
80	42
80	42
80	0
80	42
80	42
80	41
80	0
80	42
80	42
80	42
80	42
80	42
80	41
80	42
80	42
80	42
80	41
80	42
80	42
80	0
80	42
80	42
80	41
80	42
80	0
80	42
80	0
80	42
80	42
80	41
80	42
80	41
80	0
80	42
80	42
80	42
80	42
80	42
80	0
80	1459
80	42
80	0
80	42
80	42
80	0
80	42
80	42
80	41
80	42
80	42
80	41
80	41
80	42
80	42
80	42
80	0
80	42
80	42
80	41
80	42
80	42
80	42
80	0
80	41
80	0
80	42
80	42
80	41
80	42
80	0
80	42
80	0
80	42
80	0
80	41
80	42
80	41
80	0
80	41
80	41
80	0
80	41
80	42
80	0
80	42
80	41
80	41
80	42
80	0
80	42
80	42
80	0
80	42
80	41
80	42
80	42
80	41
80	0
80	42
80	41
80	42
80	42
80	42
80	42
80	0
80	42
80	0
80	41
80	41
80	0
80	42
80	42
80	41
80	0
80	0
80	41
80	42
80	41
80	0
80	42
80	42
80	42
80	0
80	41
80	42
80	0
80	41
80	41
80	42
80	0
80	0
80	41
80	41
80	42
80	41
80	41
80	42
80	41
80	41
80	42
80	42
80	42
80	0
80	42
80	41
80	42
80	41
80	41
80	41
80	42
80	41
80	42
80	0
80	41
80	0
80	41
80	41
80	42
80	42
80	0
80	42
80	42
80	42
80	42
80	42
80	41
80	0
80	0
80	41
80	42
80	42
80	0
80	41
80	42
80	42
80	42
80	42
80	0
80	42
80	42
80	41
80	41
80	42
80	41
80	0
80	42
80	0
80	41
80	0
80	42
80	42
80	42
80	0
80	0
80	42
80	41
80	41
80	42
80	0
80	41
80	42
80	42
80	42
80	42
80	41
80	42
80	42
80	0
80	41
80	0
80	42
80	42
80	42
80	42
80	42
80	41
80	42
80	41
80	42
80	42
80	41
80	41
80	41
80	0
80	41
80	42
80	42
80	42
80	42
80	42
80	42
80	42
80	0
80	41
80	42
80	42
80	42
80	42
80	42
80	41
80	42
80	0
80	41
80	1250
80	42
80	42
80	42
80	0
80	41
80	0
80	41
80	41
80	0
80	0
80	41
80	42
80	41
80	0
80	0
80	41
80	0
80	42
80	41
80	0
80	42
80	41
80	0
80	41
80	41
80	42
80	42
80	41
80	42
80	0
80	42
80	42
80	41
80	42
80	0
80	0
80	41
80	42
80	0
80	42
80	42
80	42
80	0
80	0
80	42
80	0
80	42
80	42
80	0
80	42
80	41
80	0
80	41
80	42
80	41
80	42
80	41
80	41
80	42
80	42
80	0
80	0
80	41
80	0
80	41
80	42
80	0
80	42
80	41
80	42
80	41
80	41
80	0
80	42
80	41
80	42
80	42
80	42
80	42
80	42
80	0
80	0
80	42
80	0
80	41
80	42
80	0
80	41
80	0
80	42
80	0
80	0
80	42
80	42
80	41
80	42
80	0
80	0
80	42
80	41
80	41
80	42
80	0
80	0
80	0
80	41
80	0
80	42
80	0
80	0
80	41
80	41
80	42
80	0
80	42
80	41
80	41
80	42
80	41
80	0
80	42
80	0
80	42
80	42
80	0
80	0
80	0
80	42
80	0
80	0
80	41
80	41
80	0
80	42
80	41
80	42
80	42
80	41
80	42
80	0
80	0
80	0
80	41
80	42
80	42
80	0
80	41
80	42
80	42
80	42
80	0
80	42
80	41
80	42
80	42
80	0
80	42
80	0
80	0
80	42
80	41
80	41
80	0
80	0
80	41
80	41
80	42
80	42
80	42
80	42
80	0
80	42
80	41
80	42
80	42
80	42
80	42
80	41
80	42
80	0
80	42
80	0
80	41
80	42
80	42
80	41
80	42
80	0
80	42
80	42
80	42
80	42
80	0
80	42
80	42
80	42
80	42
80	42
80	41
80	0
80	42
80	41
80	0
80	3834
80	41
80	42
80	42
80	0
80	42
80	0
80	41
80	42
80	42
80	42
80	41
80	42
80	42
80	0
80	42
80	42
80	42
80	0
80	0
80	42
80	41
80	42
80	0
80	42
80	0
80	42
80	42
80	41
80	42
80	0
80	0
80	41
80	0
80	42
80	41
80	42
80	0
80	42
80	42
80	42
80	41
80	41
80	0
80	42
80	41
80	0
80	41
80	42
80	0
80	41
80	0
80	41
80	42
80	0
80	41
80	42
80	42
80	0
80	42
80	42
80	42
80	0
80	42
80	42
80	42
80	42
80	41
80	41
80	0
80	0
80	0
80	42
80	41
80	42
80	41
80	42
80	0
80	0
80	42
80	42
80	0
80	42
80	42
80	42
80	42
80	41
80	0
80	42
80	0
80	0
80	42
80	0
80	0
80	41
80	42
80	42
80	41
80	42
80	42
80	42
80	42
80	42
80	42
80	42
80	41
80	42
80	0
80	42
80	42
80	42
80	42
80	41
80	42
80	42
80	42
80	41
80	0
80	42
80	42
80	41
80	42
80	42
80	42
80	0
80	42
80	0
80	0
80	0
80	42
80	0
80	0
80	42
80	41
80	42
80	41
80	42
80	41
80	42
80	42
80	42
80	42
80	0
80	42
80	42
80	42
80	41
80	41
80	0
80	42
80	42
80	0
80	42
80	42
80	0
80	42
80	42
80	42
80	42
80	41
80	0
80	0
80	0
80	42
80	41
80	42
80	0
80	42
80	41
80	41
80	41
80	42
80	41
80	42
80	41
80	0
32768	125
80	41
80	0
80	42
80	42
80	42
80	42
80	41
80	42
80	42
80	42
80	42
80	42
80	0
80	42
80	42
80	42
80	42
80	41
80	42
80	42
80	0
80	42
80	42
80	42
80	41
80	42
80	42
80	42
80	3916
80	41
80	42
80	42
80	0
80	41
80	42
80	42
80	41
80	42
80	41
80	42
80	42
80	42
80	42
80	42
80	41
80	42
80	42
80	42
80	41
80	42
80	42
80	42
80	42
80	42
80	42
80	0
80	0
80	42
80	0
80	42
80	42
80	42
80	41
80	42
80	42
80	42
80	42
80	0
80	41
80	0
80	41
80	42
80	0
80	41
80	41
80	41
80	42
80	42
80	41
80	42
80	41
80	41
80	42
80	42
80	42
80	0
80	0
80	0
80	42
80	42
80	42
80	41
80	42
80	0
80	42
80	42
80	41
80	42
80	42
80	42
80	42
80	0
80	42
80	42
80	42
80	42
80	42
80	42
80	0
80	41
80	0
80	42
80	42
80	0
80	0
80	41
80	0
80	42
80	41
80	42
80	0
80	0
80	41
80	42
80	0
80	41
80	0
80	42
80	42
80	42
80	42
80	0
80	42
80	41
80	0
80	0
80	41
80	0
80	42
80	41
80	0
80	41
80	0
80	42
80	41
80	0
80	42
80	42
80	42
80	41
80	42
80	41
80	42
80	42
80	42
80	42
80	41
80	0
80	42
80	42
80	41
80	41
80	41
80	42
80	42
80	0
80	0
80	42
80	42
80	41
80	42
80	0
80	42
80	41
80	42
80	41
80	42
80	41
80	0
80	41
80	41
80	41
80	42
80	42
80	0
80	42
80	42
80	0
80	42
80	42
80	41
80	0
80	0
80	0
80	41
80	0
80	0
80	0
80	0
80	0
80	41
80	42
80	42
80	42
80	42
80	42
80	42
80	42
80	42
80	42
80	42
80	0
80	41
80	41
80	42
80	0
80	42
80	42
80	42
80	42
80	0
80	0
80	42
80	42
80	41
80	42
80	41
80	42
80	0
80	41
80	42
80	0
80	3875
80	42
80	0
80	42
80	41
80	0
80	42
80	42
80	42
80	42
80	0
80	41
80	41
80	42
80	42
80	41
80	42
80	42
80	0
80	42
80	42
80	41
80	42
80	42
80	42
80	41
80	0
80	41
80	0
80	42
80	42
80	0
80	42
80	0
80	42
80	41
80	42
80	42
80	0
80	42
80	0
80	41
80	42
80	0
80	0
80	41
80	42
80	41
80	42
80	42
80	41
80	41
80	42
80	41
80	42
80	42
80	0
80	42
80	42
80	0
80	41
80	42
80	42
80	0
80	0
80	0
80	42
80	0
80	42
80	42
80	42
80	0
80	41
80	42
80	41
80	42
80	41
80	42
80	42
80	41
80	0
80	41
80	42
80	41
80	0
80	0
80	42
80	42
80	0
80	42
80	41
80	41
80	42
80	0
80	41
80	42
80	42
80	42
80	42
80	0
80	42
80	42
80	42
80	41
80	41
80	0
80	42
80	41
80	41
80	0
80	42
80	42
80	42
80	41
80	42
80	41
80	42
80	0
80	42
80	41
80	42
80	41
80	42
80	41
80	41
80	42
80	42
80	0
80	41
80	42
80	42
80	42
80	42
80	42
80	42
80	0
80	42
80	42
80	41
80	42
80	42
80	41
80	0
80	42
80	42
80	42
80	42
80	41
80	42
80	41
80	42
80	41
80	42
80	42
80	41
80	0
80	0
80	0
80	0
80	41
80	41
80	42
80	42
80	0
80	42
80	42
80	42
80	41
80	41
80	0
80	41
80	42
80	42
80	41
80	42
80	41
80	0
80	42
80	42
80	41
80	42
80	0
80	42
80	42
80	41
80	42
80	42
80	41
80	42
80	42
80	42
80	42
80	41
80	42
80	41
80	0
80	42
80	0
80	42
80	41
80	41
80	0
80	42
80	42
80	1208
80	42
80	0
80	42
80	42
80	41
80	41
80	0
80	0
80	0
80	0
80	0
80	42
80	0
80	42
80	0
80	41
80	42
80	0
80	41
80	0
80	42
80	41
80	0
80	41
80	42
80	41
80	0
80	42
80	42
80	42
80	0
80	42
80	42
80	0
80	0
80	0
80	41
80	41
80	42
80	42
80	0
80	41
80	42
80	42
80	41
80	42
80	0
80	42
80	41
80	42
80	41
80	0
80	42
80	42
80	42
80	42
80	41
80	42
80	42
80	42
80	0
80	41
80	0
80	42
80	0
80	0
80	42
80	41
80	42
80	42
80	42
80	41
80	42
80	41
80	0
80	42
80	0
80	42
80	42
80	41
80	42
80	41
80	42
80	42
80	42
80	0
80	0
80	42
80	42
80	0
80	42
80	41
80	42
80	0
80	41
80	42
80	42
80	0
80	0
80	0
80	0
80	42
80	42
80	42
80	41
80	0
80	42
80	0
80	42
80	42
80	41
80	0
80	0
80	42
80	42
80	0
80	42
80	42
80	0
80	41
80	0
80	41
80	0
80	0
80	42
80	42
80	42
80	42
80	42
80	0
80	0
80	0
80	41
80	42
80	0
80	0
80	0
80	42
80	41
80	42
80	41
80	41
80	42
80	0
80	42
80	41
80	42
80	41
80	0
80	41
80	42
80	0
80	41
80	42
80	42
80	42
80	41
80	42
80	41
80	0
80	42
80	42
80	42
80	42
80	41
80	42
80	0
80	0
80	42
80	0
80	42
80	41
80	42
80	42
80	42
80	41
80	42
80	42
80	41
80	0
80	41
80	42
80	0
80	42
80	41
80	0
80	42
80	41
80	0
80	41
80	0
80	0
80	41
80	42
80	42
80	0
80	0
80	0
80	0
80	41
80	0
80	0
80	42
80	3917
80	41
80	42
80	42
80	41
80	42
80	0
80	0
80	42
80	42
80	41
80	0
80	0
80	42
80	42
80	0
80	41
80	0
80	41
80	42
80	41
80	42
80	42
80	0
80	42
80	42
80	42
80	41
80	42
80	0
80	42
80	42
80	42
80	41
80	41
80	42
80	42
80	42
80	42
80	42
80	42
80	0
80	41
80	42
80	42
80	42
80	41
80	42
80	42
80	42
80	0
80	42
80	42
80	42
80	42
80	0
80	41
80	42
80	42
80	41
80	0
80	41
80	42
80	42
80	42
80	42
80	42
80	0
80	41
80	42
80	42
80	0
80	42
80	41
80	42
80	42
80	41
80	42
80	41
80	0
80	41
80	0
80	41
80	42
80	42
80	41
80	42
80	41
80	0
80	0
80	41
80	42
80	41
80	42
80	41
80	42
80	41
80	41
80	42
80	42
80	42
80	41
80	42
80	42
80	0
80	0
80	42
80	42
80	0
80	0
80	0
80	0
80	0
80	41
80	0
80	41
80	0
80	42
80	0
80	41
80	0
80	42
80	41
80	0
80	42
80	0
80	41
80	0
80	42
80	42
80	41
80	0
80	0
80	41
80	0
80	42
80	42
80	42
80	42
80	42
80	42
80	41
80	0
80	42
80	42
80	42
80	0
80	42
80	41
80	42
80	42
80	42
80	42
80	0
80	41
80	0
80	42
80	0
80	41
80	0
80	0
80	42
80	42
80	42
80	41
80	0
80	41
80	42
80	0
80	42
80	41
80	41
80	0
80	41
80	42
80	42
80	41
80	41
80	42
80	42
80	42
80	41
80	0
80	42
80	0
80	42
80	41
80	0
80	42
80	0
80	0
80	0
80	42
80	41
80	42
80	0
80	42
80	41
80	41
80	42
80	42
80	41
80	42
80	0
80	1542
80	42
80	42
80	0
80	0
80	0
80	42
80	41
80	41
80	42
80	42
80	0
80	0
80	42
80	0
80	0
80	42
80	42
80	0
80	0
80	42
80	42
80	0
80	42
80	41
80	42
80	0
80	0
80	42
80	42
80	42
80	42
80	41
80	42
80	41
80	42
80	42
80	0
80	42
80	41
80	41
80	42
80	42
80	42
80	0
80	42
80	42
80	42
80	42
80	42
80	0
80	41
80	42
80	41
80	0
80	42
80	42
80	42
80	0
80	42
80	0
80	0
80	0
80	42
80	41
80	42
80	0
80	41
80	0
80	42
80	42
80	42
80	41
80	41
80	42
80	42
80	42
80	41
80	0
80	41
80	42
80	0
80	41
80	42
80	42
80	0
80	41
80	41
80	41
80	42
80	42
80	42
80	42
80	0
80	42
80	42
80	0
80	0
80	41
80	0
80	41
80	42
80	42
80	41
80	41
80	42
80	41
256	0
32	42
24	83
64	125
6	83
64	42
11	42
64	42
288	208
18	84
13	42
29	41
64	208
576	375
1152	42
64	42
64	41
80	83
80	0
80	42
24024	167
32	41
32	0
320	125
32	41
640	209
32	125
48	84
96	83
1280	125
64	83
192	42
128	0
384	83
2560	125
256	42
768	166
5120	42
512	42
1536	41
10240	42
1024	42
3072	42
20480	83
2048	167
6144	42
40960	292
4096	83
12288	125
81920	166
8192	84
24576	42
163840	42
16384	83
49152	42
327680	41
32768	42
98304	42
655360	84
65536	84
196608	42
1310720	42
131072	84
393216	41
2621440	166
262144	42
786432	84
32	84
32	0
168184	125
32	42
32	125
32	84
32	42
32	125
32	417
64	42
24016	125
24008	292
32	41
24	42
7	208
288	1000
6	250
11	42
11	42
576	292
11	83
6	83
6	42
11	41
11	41
1152	250
80	83
48016	917
80	125
80	417
24032	125
80	584
48064	84
80	41
24048	41
80	292
48096	42
24056	42
24048	41
24040	41
80	375
48080	208
80	250
24056	42
32	42
24	42
80	125
48112	584
80	41
24072	125
336368	84
24048	1209
32	41
24	42
288	250
6	41
11	42
11	42
24040	167
24016	42
80	41
48032	541
24024	41
32	0
24	41
24008	750
32	42
24	41
288	500
6	0
11	42
11	41
23984	1375
80	42
47968	1125
80	42
24000	83
23976	83
32	42
24	42
23952	125
23944	1125
32	42
24	41
288	291
6	83
11	41
11	0
80	83
47888	250
23952	83
23928	292
23912	42
32	42
24	42
23888	2041
23872	3208
32	42
24	41
288	458
6	42
11	42
11	42
80	42
47744	375
23880	84
80	83
47760	42
23888	41
32	42
24	41
80	83
47776	208
23896	375
23888	1083
32	0
24	42
80	42
47776	458
80	41
80	42
23912	42
32	0
24	42
80	83
47824	250
80	42
23928	1792
23904	1125
32	42
24	42
23880	458
32	0
24	84
23872	125
23864	1709
32	42
24	41
23848	125
32	42
24	42
23832	41
80	42
47664	625
23840	83
32	42
24	42
80	83
47680	1041
80	42
23856	459
32	41
24	41
23840	83
23824	2958
32	42
24	0
6	42
11	0
11	42
288	333
11	42
6	42
11	42
11	42
11	42
576	167
6	0
11	0
11	42
6	41
11	42
6	83
11	42
11	42
11	0
1152	250
6	42
11	41
11	42
6	41
11	0
2304	292
80	42
47648	416
80	42
80	42
23848	83
80	83
47696	84
80	0
23864	41
23856	292
80	41
47712	41
80	42
80	0
23880	42
80	0
47760	42
23888	41
23864	83
80	41
47728	42
80	42
80	42
23888	42
80	42
47776	42
23896	41
80	41
47792	84
80	42
23912	42
23896	125
23880	41
23864	42
32	42
24	0
23848	833
32	42
24	41
288	250
6	42
11	42
11	42
6	42
11	0
11	42
576	291
11	42
6	84
11	41
11	0
11	0
1152	125
6	0
11	0
11	0
6	42
11	42
6	84
11	42
11	42
6	41
11	41
11	42
6	41
11	0
2304	166
6	42
11	42
11	41
6	42
11	42
11	42
11	41
23824	375
23816	208
23792	83
80	83
47584	458
80	42
80	41
23816	125
23792	83
23776	42
80	83
47552	42
23784	42
80	42
47568	84
80	0
23800	41
80	41
47600	42
23808	41
80	42
47616	42
80	41
23824	42
23800	83
80	41
47600	41
80	42
80	42
23824	42
80	42
47648	42
80	42
23840	41
23824	42
80	42
47648	83
23832	0
80	42
47664	42
23840	42
23816	42
23800	42
32	42
24	42
80	42
47600	83
80	83
80	42
23824	42
80	375
47648	750
23832	4209
32	42
24	41
288	250
6	41
11	42
11	42
80	84
47664	333
23840	84
80	42
47680	41
80	42
23856	42
23848	334
32	42
24	42
288	292
6	41
11	0
11	42
23832	125
23816	1834
23792	83
23768	41
32	41
24	42
288	458
11	83
6	42
11	41
11	0
576	125
1152	209
7	83
18	125
16	83
18	0
7	41
7	41
23752	375
80	83
47504	250
80	41
23768	42
32	42
24	42
80	84
47536	125
23776	458
32	416
24	42
288	250
7	41
18	84
16	42
18	41
7	41
7	0
576	208
11	83
1152	334
6	41
11	42
11	42
6	42
11	0
11	41
11	41
6	83
11	42
11	42
11	42
6	0
11	41
11	41
6	42
11	41
2304	125
6	41
11	42
11	41
80	83
47552	375
23784	209
23768	167
80	41
47536	41
80	0
80	42
23792	41
23768	84
80	0
47536	41
23776	42
23760	42
80	41
47520	41
23768	42
23760	83
23744	42
80	42
47488	42
23752	41
23736	42
32	41
24	42
80	42
47472	125
80	42
80	42
23760	41
23744	1250
32	42
24	41
6	83
11	41
11	42
288	417
11	83
6	41
11	42
11	42
11	42
576	125
6	42
11	41
11	41
6	42
11	42
1152	166
6	42
11	0
11	0
6	41
11	41
11	42
11	42
6	0
11	0
11	42
6	42
11	41
2304	208
6	42
11	0
11	41
6	41
11	0
11	0
11	42
80	83
47488	333
23752	42
23736	166
80	84
47472	42
80	42
23752	42
80	0
47504	83
80	0
23768	83
80	42
47536	42
80	42
80	42
23792	42
23776	83
23768	41
80	0
47536	42
80	0
80	42
23792	42
23768	84
23760	42
23752	41
23744	0
80	42
47488	83
80	42
80	42
23768	41
80	42
47536	41
80	42
23784	42
80	42
47568	41
23792	0
256	41
32	42
24	42
80	83
47584	125
80	42
23808	125
23784	2042
32	0
24	41
6	41
11	42
11	42
288	250
11	42
6	42
11	0
11	41
11	41
576	208
6	41
11	0
11	41
6	42
11	0
1152	166
6	41
11	42
11	41
6	42
11	0
11	0
11	41
6	41
11	42
11	41
11	41
6	0
11	41
11	41
2304	334
6	42
11	41
6	83
11	42
11	42
23768	708
23744	166
23736	41
23712	42
23688	42
23672	41
80	83
47344	333
23680	83
23664	83
23656	42
80	42
47312	42
80	42
80	42
23680	84
80	41
47360	41
80	42
23696	42
23688	41
23672	41
80	42
47344	42
23680	42
80	41
47360	42
80	41
80	41
23704	42
80	42
47408	41
23712	0
23696	42
32	42
24	42
80	42
47392	208
80	42
80	42
23720	583
80	583
47440	583
80	0
23736	1042
32	42
24	42
6	41
11	42
11	0
288	166
11	42
6	84
11	42
11	42
11	42
576	250
6	42
11	41
11	41
6	0
11	0
1152	167
6	41
11	41
11	41
6	42
11	42
11	41
11	41
6	41
11	0
11	0
11	0
6	125
11	42
11	0
6	41
11	42
2304	1709
23720	166
23704	42
23696	42
80	83
47392	2792
80	41
23712	41
80	41
47424	84
80	83
80	167
23736	83
80	41
47472	42
23744	41
80	125
47488	42
80	167
80	42
23768	41
80	84
47536	42
80	42
23784	42
80	42
47568	84
80	42
23800	84
23792	83
23776	42
23760	42
23736	42
23712	41
23688	41
32	42
24	42
6	41
11	0
11	42
288	292
11	83
23680	625
23672	1375
23656	83
32	42
24	42
6	41
11	42
11	0
288	584
11	42
6	42
11	42
11	42
11	42
576	292
6	83
11	42
11	0
6	41
11	41
6	42
11	0
11	0
1152	292
6	42
11	41
6	83
11	41
11	41
11	42
6	42
11	42
11	41
11	42
6	84
11	0
11	42
11	0
2304	1375
6	42
11	42
11	0
6	0
11	42
80	84
47312	375
23664	500
80	83
47328	42
80	42
80	42
23688	0
80	41
47376	42
80	0
23704	42
80	84
47408	42
80	0
80	42
23728	42
80	42
47456	41
80	41
80	0
23752	42
80	42
47504	42
80	42
80	41
23776	42
80	83
47552	42
80	42
80	42
23800	42
80	42
47600	42
80	0
80	42
23824	42
23816	83
23808	41
80	42
47616	84
23816	41
80	42
47632	42
80	42
23832	42
80	42
47664	41
80	42
23848	41
23824	125
80	42
47648	83
80	42
23840	42
80	42
47680	42
80	42
23856	41
23840	83
23816	42
32	41
24	42
80	83
47632	291
80	0
23832	83
23808	1542
32	41
24	41
288	292
6	84
11	42
11	0
6	42
11	42
6	41
11	41
11	41
11	0
576	333
6	83
11	42
11	42
11	42
6	41
11	0
11	42
11	42
1152	291
6	42
11	41
11	42
6	41
11	42
23784	333
80	83
47568	375
23792	83
23776	84
80	42
47552	42
80	41
80	42
23800	42
80	42
47600	41
23808	42
80	41
47616	42
80	41
80	0
23832	84
80	41
47664	41
23840	42
80	0
47680	83
23848	41
80	41
47696	41
80	0
80	0
23872	41
80	42
47744	41
80	42
23888	42
80	42
47776	42
80	0
23904	41
23896	83
32	41
24	42
23888	125
80	209
47776	917
80	41
80	42
23912	1833
32	0
24	0
23904	125
32	41
24	42
23896	1250
32	41
24	42
32	41
24	83
23880	500
80	417
47760	917
80	0
80	42
23904	42
32	42
24	42
32	42
24	42
80	42
47808	250
23912	625
80	292
47824	791
23920	42
32	83
24	42
6	42
11	0
11	42
288	458
11	42
6	42
11	42
11	42
11	41
576	292
6	0
11	41
11	42
6	42
11	41
6	0
11	0
11	0
11	42
1152	541
6	83
11	0
11	42
6	42
11	42
23896	666
80	83
47792	167
23904	83
23888	292
23864	42
23840	42
23824	42
80	42
47648	41
80	42
23840	41
80	42
47680	83
23848	42
23840	83
80	42
47680	83
80	42
23856	42
80	41
47712	41
80	0
23872	41
32	42
24	41
23856	83
80	417
47712	834
80	42
23872	166
32	41
24	42
288	375
6	42
11	42
11	41
6	0
11	41
6	83
11	42
11	42
11	42
576	334
6	83
11	42
11	42
11	42
6	42
11	0
11	42
11	41
1152	500
6	83
11	42
11	42
6	0
11	41
6	0
11	41
11	42
11	42
6	42
11	0
11	42
6	41
11	42
2304	417
6	42
11	42
11	42
11	41
6	42
11	41
11	42
11	42
6	41
11	42
11	42
6	42
11	41
6	42
11	42
11	42
11	0
6	42
11	0
11	42
6	42
11	42
6	42
11	42
11	41
11	0
4608	250
80	167
47744	334
80	167
80	41
23896	1500
23880	3250
80	41
47760	84
23888	0
23864	42
80	42
47728	83
23872	41
23848	84
80	41
47696	83
80	0
80	0
23872	42
80	42
47744	42
80	42
80	41
23896	42
80	42
47792	42
23904	41
80	83
47808	41
80	0
80	42
23928	41
23920	84
23896	83
23880	42
80	42
47760	41
80	42
23896	41
80	42
47792	41
23904	0
23896	84
23880	42
23856	83
80	42
47712	83
23864	42
23848	83
80	41
47696	84
23856	41
80	42
47712	42
80	42
23872	84
32	42
24	42
23856	1625
32	42
24	41
6	42
11	42
11	0
288	625
11	41
6	42
11	42
11	42
6	42
11	42
576	292
23848	4292
23824	41
23816	42
80	84
47632	375
80	42
80	42
23840	42
23824	84
80	83
47648	84
23832	0
32	0
24	42
23808	500
80	541
47616	709
80	42
80	41
23832	1209
32	0
24	42
80	84
47664	292
80	42
80	41
23856	83
32	42
24	42
80	83
47712	125
80	42
23872	41
23864	1875
32	41
24	42
80	83
47728	500
23872	208
32	41
24	41
80	208
47744	209
23880	500
80	42
47760	625
23888	83
32	41
24	41
23872	417
32	42
24	42
80	208
47744	291
23880	416
23856	1917
32	41
24	41
288	208
6	0
11	42
11	42
23848	416
23832	166
23808	83
32	41
24	41
80	84
47616	375
80	41
80	41
23832	42
80	416
47664	167
80	42
80	42
23856	83
32	41
24	41
288	250
6	0
11	42
11	41
6	41
11	42
11	0
11	42
576	416
6	83
11	42
11	41
11	41
6	42
11	42
11	0
1152	416
6	42
11	42
6	83
11	42
11	41
6	83
11	41
11	84
6	42
11	42
6	0
11	0
11	0
2304	292
6	42
11	41
11	42
11	42
23848	417
23832	42
23808	42
80	41
47616	42
23816	125
80	42
47632	42
80	42
23832	42
80	42
47664	41
80	42
80	42
23856	42
80	0
47712	41
80	0
80	42
23880	42
80	83
47760	42
23888	0
23872	83
80	84
47744	83
80	0
80	0
23896	42
23888	83
80	42
47776	42
80	41
23904	42
23896	42
23888	42
32	42
24	42
80	42
47776	84
80	0
80	0
23912	42
80	541
47824	666
23920	42
256	333
32	41
24	42
32	42
24	41
80	83
47840	83
80	41
23936	41
23920	2208
32	42
24	41
6	84
11	0
11	41
288	167
11	41
6	83
11	41
11	0
11	42
576	292
6	41
11	41
11	41
6	0
11	0
6	83
11	42
11	42
11	42
1152	542
6	41
11	41
11	42
6	41
11	0
80	83
47840	417
80	42
23936	333
23928	209
23904	83
80	41
47808	84
80	42
23920	41
80	41
47840	42
80	42
80	41
23944	42
23920	42
80	42
47840	42
23928	42
80	83
47856	41
80	42
80	0
23952	42
23928	42
80	41
47856	42
23936	41
32	0
24	42
80	84
47872	125
80	41
80	0
23960	42
23952	1833
32	42
24	41
288	375
6	41
11	41
11	0
6	41
11	0
11	42
576	208
11	42
6	0
11	0
11	41
6	0
11	42
1152	375
6	84
11	41
11	0
6	41
11	0
11	42
11	0
6	42
11	41
11	0
11	42
80	83
47904	375
80	41
80	41
23976	458
23952	167
80	41
47904	41
23960	83
23944	83
23920	83
23912	42
23896	42
23888	41
23880	0
80	0
47760	42
23888	42
80	0
47776	41
80	42
80	0
23912	42
23904	42
23888	41
32	42
24	83
288	292
6	83
11	41
11	41
6	0
11	41
6	83
11	42
11	0
80	84
47776	42
80	42
80	42
23912	41
80	375
47824	875
23920	2250
23896	334
23872	83
80	42
47744	42
80	42
23888	41
80	41
47776	41
80	42
23904	41
32	42
24	41
288	291
6	0
11	0
11	42
80	83
47808	83
80	42
80	42
23928	83
80	83
47856	84
80	42
23944	41
80	42
47888	41
23952	0
32	0
24	41
80	83
47904	125
80	42
23968	42
80	209
47936	958
23976	41
32	42
24	42
288	625
6	42
11	42
11	41
6	42
11	0
11	42
576	167
11	41
6	42
11	42
11	42
11	42
1152	334
6	0
11	41
11	42
6	42
11	41
6	83
11	42
11	0
23968	583
80	42
47936	167
80	42
80	42
23992	41
80	42
47984	83
80	42
24008	41
24000	250
23976	42
80	83
47952	41
23984	42
23960	42
80	0
47920	42
80	41
80	41
23984	42
23968	83
80	42
47936	42
80	42
23984	42
23968	42
23944	41
32	41
24	42
23920	83
23896	1750
32	41
24	41
288	292
6	83
11	42
11	42
576	208
6	0
11	0
11	42
6	42
11	42
1152	125
6	42
11	41
11	0
6	83
11	42
11	41
11	42
80	83
47792	500
23904	42
80	42
47808	83
80	42
80	42
23928	84
23912	250
80	42
47824	42
23920	42
23904	84
80	41
47808	41
80	42
23920	42
80	42
47840	42
23928	0
80	42
47856	83
80	42
23944	42
80	42
47888	42
80	42
23960	42
32	42
24	42
23944	83
80	500
47888	834
23952	166
32	42
24	125
288	417
6	83
11	41
11	41
6	0
11	42
6	42
11	41
11	42
11	42
576	292
6	42
11	0
11	42
11	0
6	42
11	0
11	42
11	0
1152	459
6	42
11	0
11	42
6	42
11	41
6	41
11	42
11	0
11	42
6	41
11	42
11	42
6	0
11	41
2304	291
6	42
11	42
11	42
11	41
23928	459
23904	250
80	41
47808	167
80	41
80	41
23928	42
80	41
47856	42
23936	42
80	42
47872	42
80	42
80	42
23960	41
23944	84
23928	42
80	42
47856	42
80	0
80	41
23952	0
23944	84
80	42
47888	42
80	42
23960	41
23944	84
23928	42
80	41
47856	83
80	41
23944	41
23928	125
23912	42
23904	42
80	42
47808	83
80	41
23920	42
80	83
47840	42
80	41
80	42
23944	42
32	42
24	41
23928	0
80	583
47856	584
80	125
23944	1542
32	41
24	42
6	125
11	0
11	42
288	416
11	42
6	42
11	41
11	42
11	42
576	291
6	84
11	0
11	41
6	42
11	41
6	84
11	42
11	42
11	42
1152	334
6	42
11	42
11	0
11	0
6	42
11	42
11	42
6	0
11	41
23936	250
23928	42
80	41
47856	83
80	42
23944	42
80	41
47888	83
23952	41
80	42
47904	84
23960	41
80	41
47920	42
80	41
80	41
23984	41
23976	83
80	41
47952	84
23984	42
23960	41
23952	42
23928	41
80	41
47856	42
80	42
23944	42
80	42
47888	42
80	0
80	42
23968	41
32	42
24	42
23952	2334
32	41
24	42
6	0
11	0
11	42
288	1292
11	41
6	83
11	42
11	42
11	42
576	291
6	41
11	42
11	0
6	0
11	41
6	42
11	41
11	42
11	42
1152	500
6	42
11	42
11	41
6	41
11	42
6	0
11	42
11	42
11	42
80	84
47904	417
80	42
23968	208
23944	166
23928	0
23912	0
23896	41
80	0
47792	41
23904	83
23896	0
23880	42
80	0
47760	42
80	42
23896	0
23880	0
80	0
47760	84
23888	42
23864	42
23840	41
80	0
47680	41
23848	42
32	42
24	42
6	84
11	0
11	42
288	417
11	41
23824	125
23816	2083
23800	42
80	42
47600	916
23808	83
32	41
24	41
288	208
6	0
11	42
11	42
6	0
11	42
80	42
47616	83
80	42
80	42
23832	42
80	83
47664	83
80	0
80	0
23856	41
23840	125
32	42
24	41
80	83
47680	250
80	42
23856	667
80	458
47712	1083
80	0
80	42
23880	3709
32	42
24	42
6	84
11	41
11	0
288	333
11	41
6	84
11	41
11	0
11	42
576	291
6	41
11	0
11	42
6	42
11	42
6	84
11	0
11	0
11	41
1152	500
23856	375
23832	166
80	41
47664	208
23840	42
80	41
47680	42
23848	42
23832	42
80	41
47664	42
80	42
80	41
23856	84
23840	83
23816	41
80	42
47632	41
80	42
80	42
23840	125
23824	42
32	42
24	83
80	84
47648	125
80	42
23840	83
23832	2167
32	42
24	83
288	166
6	42
11	42
11	0
6	42
11	42
576	125
6	42
11	41
11	41
80	84
47664	375
80	42
23848	42
80	83
47696	83
23856	42
23840	417
23832	42
23824	0
32	42
24	42
23816	83
32	208
24	41
288	417
11	42
23792	375
32	0
24	42
23768	125
80	625
47536	875
80	41
80	42
23792	42
32	42
24	42
288	250
7	42
576	167
13	42
7	42
7	0
288	250
7	0
13	42
12	41
6	42
6	0
18	41
64	41
